对象,类型,四边面,三角面,多边面,UV层,UV最大各向拉伸百分比,UV超过10%三角片数,UV或几何退化三角片数,UV结论
CMF_Floor_covering_study,MESH,384,0,0,CMF_MicroUV,1457984896.0,40,24,不通过
CMF_Floor_covering_study.001,MESH,384,0,0,CMF_MicroUV,36689166336.0,49,25,不通过
CMF_Floor_covering_study.002,MESH,384,0,0,CMF_MicroUV,22703724.0,38,26,不通过
CMF_Floor_covering_study.003,MESH,384,0,0,CMF_MicroUV,4738004480.0,52,30,不通过
CabinV2_Seat_00,MESH,44160,0,0,UVMap,26.948368072509766,7,0,不通过
CabinV2_Seat_01,MESH,44160,0,0,UVMap,26.943635940551758,6,0,不通过
CabinV2_Seat_02,MESH,9216,0,0,UVMap,52.00092697143555,34,0,不通过
CabinV2_Seat_03,MESH,30336,0,0,UVMap,9.87509536743164,0,0,通过
CabinV2_Seat_04,MESH,36288,0,0,UVMap,5.555260181427002,0,0,通过
CabinV2_Seat_05,MESH,52416,0,0,UVMap,1490.4090576171875,114,0,不通过
CabinV2_Seat_06,MESH,40512,0,0,UVMap,675.3807983398438,62,0,不通过
CabinV2_Seat_07,MESH,38304,0,0,UVMap,674.5787353515625,62,0,不通过
CabinV2_Seat_08,MESH,26832,0,0,UVMap,139.3175048828125,31,0,不通过
CabinV2_Seat_09,MESH,26832,0,0,UVMap,521.7332153320312,31,0,不通过
CabinV2_Seat_12,MESH,9216,0,0,UVMap,35.750091552734375,34,0,不通过
CabinV2_Seat_13,MESH,30336,0,0,UVMap,9.765958786010742,0,0,通过
CabinV2_Seat_16,MESH,24480,0,0,UVMap,577.2866821289062,7,0,不通过
CabinV2_Seat_17,MESH,32832,0,0,UVMap,8.32209587097168,0,0,通过
CabinV2_Seat_18,MESH,9216,0,0,UVMap,33.92486572265625,28,0,不通过
CabinV2_Seat_19,MESH,54240,0,0,UVMap,33.193336486816406,18,0,不通过
CabinV2_Seat_24,MESH,31968,0,0,UVMap,93.02734375,3,0,不通过
CabinV2_Seat_25,MESH,28704,0,0,UVMap,341.36395263671875,12,0,不通过
CabinV2_Seat_26,MESH,32832,0,0,UVMap,8.310544967651367,0,0,通过
CabinV2_Seat_27,MESH,9216,0,0,UVMap,32.334529876708984,30,0,不通过
CabinV3_DialKnurl_00,MESH,216,0,0,UV贴图,1.0208845138549805,0,0,通过
CabinV3_DialKnurl_01,MESH,216,0,0,UV贴图,1.0661602020263672,0,0,通过
CabinV3_DialKnurl_02,MESH,216,0,0,UV贴图,1.1602282524108887,0,0,通过
CabinV3_DialKnurl_03,MESH,216,0,0,UV贴图,1.0439872741699219,0,0,通过
CabinV3_DialKnurl_04,MESH,216,0,0,UV贴图,1.0956525802612305,0,0,通过
CabinV3_DialKnurl_05,MESH,216,0,0,UV贴图,1.1084914207458496,0,0,通过
CabinV3_DialKnurl_06,MESH,216,0,0,UV贴图,1.0460972785949707,0,0,通过
CabinV3_DialKnurl_07,MESH,216,0,0,UV贴图,1.0515809059143066,0,0,通过
CabinV3_DialKnurl_08,MESH,216,0,0,UV贴图,1.239168643951416,0,0,通过
CabinV3_DialKnurl_09,MESH,216,0,0,UV贴图,1.0386347770690918,0,0,通过
CabinV3_DialKnurl_10,MESH,216,0,0,UV贴图,1.099395751953125,0,0,通过
CabinV3_DialKnurl_11,MESH,216,0,0,UV贴图,1.017308235168457,0,0,通过
CabinV3_DialKnurl_12,MESH,216,0,0,UV贴图,1.235806941986084,0,0,通过
CabinV3_DialKnurl_13,MESH,216,0,0,UV贴图,1.1188387870788574,0,0,通过
CabinV3_DialKnurl_14,MESH,216,0,0,UV贴图,1.1677265167236328,0,0,通过
CabinV3_DialKnurl_15,MESH,216,0,0,UV贴图,1.156461238861084,0,0,通过
CabinV3_DialKnurl_16,MESH,216,0,0,UV贴图,1.1294960975646973,0,0,通过
CabinV3_DialKnurl_17,MESH,216,0,0,UV贴图,1.15126371383667,0,0,通过
CabinV3_DialKnurl_18,MESH,216,0,0,UV贴图,1.0241508483886719,0,0,通过
CabinV3_DialKnurl_19,MESH,216,0,0,UV贴图,1.075899600982666,0,0,通过
CabinV3_DialKnurl_20,MESH,216,0,0,UV贴图,1.1116623878479004,0,0,通过
CabinV3_DialKnurl_21,MESH,216,0,0,UV贴图,1.1965155601501465,0,0,通过
CabinV3_DialKnurl_22,MESH,216,0,0,UV贴图,1.2315750122070312,0,0,通过
CabinV3_DialKnurl_23,MESH,216,0,0,UV贴图,1.1915922164916992,0,0,通过
CabinV3_DialKnurl_24,MESH,216,0,0,UV贴图,1.2366533279418945,0,0,通过
CabinV3_DialKnurl_25,MESH,216,0,0,UV贴图,1.060807704925537,0,0,通过
CabinV3_DialKnurl_26,MESH,216,0,0,UV贴图,1.1417746543884277,0,0,通过
CabinV3_DialKnurl_27,MESH,216,0,0,UV贴图,1.1024951934814453,0,0,通过
CabinV3_DialKnurl_28,MESH,216,0,0,UV贴图,1.029348373413086,0,0,通过
CabinV3_DialKnurl_29,MESH,216,0,0,UV贴图,1.101219654083252,0,0,通过
CabinV3_DialKnurl_30,MESH,216,0,0,UV贴图,1.1781811714172363,0,0,通过
CabinV3_DialKnurl_31,MESH,216,0,0,UV贴图,1.0934233665466309,0,0,通过
CabinV3_DialKnurl_32,MESH,216,0,0,UV贴图,1.1379480361938477,0,0,通过
CabinV3_DialKnurl_33,MESH,216,0,0,UV贴图,1.023101806640625,0,0,通过
CabinV3_DialKnurl_34,MESH,216,0,0,UV贴图,1.1110782623291016,0,0,通过
CabinV3_DialKnurl_35,MESH,216,0,0,UV贴图,1.0233759880065918,0,0,通过
CabinV3_DialKnurl_36,MESH,216,0,0,UV贴图,1.0087132453918457,0,0,通过
CabinV3_DialKnurl_37,MESH,216,0,0,UV贴图,1.0233759880065918,0,0,通过
CabinV3_DialKnurl_38,MESH,216,0,0,UV贴图,1.0997891426086426,0,0,通过
CabinV3_DialKnurl_39,MESH,216,0,0,UV贴图,1.0318875312805176,0,0,通过
CabinV3_DialKnurl_40,MESH,216,0,0,UV贴图,1.123511791229248,0,0,通过
CabinV3_DialKnurl_41,MESH,216,0,0,UV贴图,1.0604500770568848,0,0,通过
CabinV3_DialKnurl_42,MESH,216,0,0,UV贴图,1.0895252227783203,0,0,通过
CabinV3_DialKnurl_43,MESH,216,0,0,UV贴图,1.0579347610473633,0,0,通过
CabinV3_DialKnurl_44,MESH,216,0,0,UV贴图,0.994563102722168,0,0,通过
CabinV3_DialKnurl_45,MESH,216,0,0,UV贴图,1.0961532592773438,0,0,通过
CabinV3_DialKnurl_46,MESH,216,0,0,UV贴图,1.0618209838867188,0,0,通过
CabinV3_DialKnurl_47,MESH,216,0,0,UV贴图,1.045215129852295,0,0,通过
CabinV3_DialKnurl_48,MESH,216,0,0,UV贴图,1.0836243629455566,0,0,通过
CabinV3_DialKnurl_49,MESH,216,0,0,UV贴图,1.1185407638549805,0,0,通过
CabinV3_DialKnurl_50,MESH,216,0,0,UV贴图,1.1028170585632324,0,0,通过
CabinV3_DialKnurl_51,MESH,216,0,0,UV贴图,1.1197328567504883,0,0,通过
CabinV3_DialKnurl_52,MESH,216,0,0,UV贴图,1.0898590087890625,0,0,通过
CabinV3_DialKnurl_53,MESH,216,0,0,UV贴图,1.0521292686462402,0,0,通过
CabinV3_DialKnurl_54,MESH,216,0,0,UV贴图,1.0842323303222656,0,0,通过
CabinV3_DialKnurl_55,MESH,216,0,0,UV贴图,1.046442985534668,0,0,通过
CabinV3_DialKnurl_56,MESH,216,0,0,UV贴图,1.1291265487670898,0,0,通过
CabinV3_DialKnurl_57,MESH,216,0,0,UV贴图,1.08109712600708,0,0,通过
CabinV3_DialKnurl_58,MESH,216,0,0,UV贴图,1.0264992713928223,0,0,通过
CabinV3_DialKnurl_59,MESH,216,0,0,UV贴图,1.0386347770690918,0,0,通过
CabinV3_DialKnurl_60,MESH,216,0,0,UV贴图,1.1155486106872559,0,0,通过
CabinV3_DialKnurl_61,MESH,216,0,0,UV贴图,1.1541008949279785,0,0,通过
CabinV3_DialKnurl_62,MESH,216,0,0,UV贴图,1.140761375427246,0,0,通过
CabinV3_DialKnurl_63,MESH,216,0,0,UV贴图,1.0818123817443848,0,0,通过
CabinV3_DialKnurl_64,MESH,216,0,0,UV贴图,1.0061383247375488,0,0,通过
CabinV3_DialKnurl_65,MESH,216,0,0,UV贴图,1.0223984718322754,0,0,通过
CabinV3_DialKnurl_66,MESH,216,0,0,UV贴图,1.1054158210754395,0,0,通过
CabinV3_DialKnurl_67,MESH,216,0,0,UV贴图,1.138293743133545,0,0,通过
CabinV3_DialKnurl_68,MESH,216,0,0,UV贴图,1.0871410369873047,0,0,通过
CabinV3_DialKnurl_69,MESH,216,0,0,UV贴图,1.057446002960205,0,0,通过
CabinV3_DialKnurl_70,MESH,216,0,0,UV贴图,1.154768466949463,0,0,通过
CabinV3_DialKnurl_71,MESH,216,0,0,UV贴图,1.0251045227050781,0,0,通过
CabinV3_armrest_Door_LF_WG_7,MESH,17856,0,0,UVMap,91510.9296875,20222,0,不通过
CabinV3_armrest_Door_RF_WG_0,MESH,17856,0,0,UVMap,190147.515625,20156,0,不通过
CabinV3_button_Car_INT_10,MESH,2350,0,0,UVMap,1128.0897216796875,537,2,不通过
CabinV3_button_Car_INT_9,MESH,2454,0,0,UVMap,692.8814086914062,440,0,不通过
CabinV3_control_Door_LF_WG_4,MESH,542,0,0,UVMap,224.74620056152344,19,0,不通过
CabinV3_control_Door_LF_WG_5,MESH,507,0,0,UVMap,279.625732421875,11,0,不通过
CabinV3_control_Door_LF_WG_6,MESH,736,0,0,UVMap,25096.060546875,10,0,不通过
CabinV3_control_Door_RF_WG_6,MESH,542,0,0,UVMap,227.7159423828125,19,0,不通过
CabinV3_control_Door_RF_WG_7,MESH,507,0,0,UVMap,279.6515808105469,11,0,不通过
CabinV3_control_Door_RF_WG_8,MESH,736,0,0,UVMap,1555.8450927734375,10,0,不通过
CabinV3_dial_Car_INT_16,MESH,1200,0,0,UVMap,1.7319560050964355,0,0,通过
CabinV3_steering_Car_INT_7,MESH,82464,0,0,UVMap,7135.4951171875,39541,0,不通过
Car_INT,MESH,35068,0,0,UVMap,14333611008.0,27911,23,不通过
Car_INT_fangxiangpan_L2,MESH,7680,0,0,UVMap,545.04150390625,8301,0,不通过
Carbody,MESH,109194,0,0,UVMap,3566.175537109375,18,8,不通过
Carbody_INT_IP_long_screen,MESH,1117,0,0,UVMap,5362923520.0,1413,2,不通过
Carbody_INT_frame_ROOF_TV.002,MESH,5286,0,0,UVMap,50.16100311279297,228,0,不通过
Carbody_INT_frame_sunshade,MESH,102,0,0,UVMap,0.002276897430419922,0,0,通过
Door_LB_INT_6S,MESH,3183,0,0,UVMap,127395.96875,1867,2,不通过
Door_LB_INT_NO_sunshade,MESH,843,0,0,UVMap,80.14466857910156,607,0,不通过
Door_LB_WG,MESH,12186,0,0,UVMap,6173.853515625,29,13,不通过
Door_LF_WG,MESH,17055,0,0,UVMap,3401146.5,2165,1,不通过
Door_RB_INT_6S,MESH,3183,0,0,UVMap,3525.4990234375,1874,0,不通过
Door_RB_INT_NO_sunshade,MESH,843,0,0,UVMap,80.13301849365234,608,0,不通过
Door_RB_WG,MESH,12186,0,0,UVMap,2352.008544921875,30,12,不通过
Door_RF_WG,MESH,16651,0,0,UVMap,1651987.5,1496,0,不通过
Seat_Layout_A,MESH,1518,0,0,UVMap,0.011539459228515625,0,0,通过
TrunkDoor_Lower,MESH,9612,0,0,UVMap,238.7311248779297,636,0,不通过
Trunk_Upper_INT_NO_sunshade,MESH,96,0,0,UVMap,5.033206939697266,0,0,通过
Vent_center_L_adjuster,MESH,384,0,0,UV贴图,0.5842924118041992,0,0,通过
Vent_center_L_blade_1,MESH,832,0,0,UVMap,0.5726337432861328,0,0,通过
Vent_center_L_blade_2,MESH,832,0,0,UVMap,0.5529403686523438,0,0,通过
Vent_center_L_blade_3,MESH,832,0,0,UVMap,0.6572484970092773,0,0,通过
Vent_center_R_adjuster,MESH,384,0,0,UV贴图,0.40689706802368164,0,0,通过
Vent_center_R_blade_1,MESH,832,0,0,UVMap,0.42411088943481445,0,0,通过
Vent_center_R_blade_2,MESH,832,0,0,UVMap,0.5746841430664062,0,0,通过
Vent_center_R_blade_3,MESH,832,0,0,UVMap,0.6061434745788574,0,0,通过
Vent_center_cavity,MESH,5,0,0,UVMap,7.152557373046875e-05,0,0,通过
